{"cameraMode":{"drawMode":0,"name":"Shaded","section":"Shading Mode"},"sceneLighting":true,"audioPlay":false,"sceneViewState":{"m_AlwaysRefresh":false,"showFog":true,"showSkybox":true,"showFlares":true,"showImageEffects":true,"showParticleSystems":true,"showVisualEffectGraphs":true,"m_FxEnabled":true},"in2DMode":false,"pivot":{"x":-8.784534454345704,"y":23.807010650634767,"z":-40.80126190185547},"rotation":{"x":0.09569656103849411,"y":0.5236250162124634,"z":-0.059290897101163867,"w":0.8445256352424622},"size":52.180519104003909,"orthographic":false}