{"cameraMode":{"drawMode":0,"name":"Shaded","section":"Shading Mode"},"sceneLighting":false,"audioPlay":false,"sceneViewState":{"m_AlwaysRefresh":false,"showFog":true,"showSkybox":false,"showFlares":true,"showImageEffects":true,"showParticleSystems":true,"showVisualEffectGraphs":true,"m_FxEnabled":true},"in2DMode":false,"pivot":{"x":-0.7340593338012695,"y":0.8700000047683716,"z":3.116823434829712},"rotation":{"x":0.26747196912765505,"y":0.5353366732597351,"z":-0.18346795439720155,"w":0.7799350619316101},"size":0.3473111689090729,"orthographic":false}